[
  {
    "Relative Pressure":0.060673,
    "Volume @ STP":0.5932
  },
  {
    "Relative Pressure":0.103331,
    "Volume @ STP":0.6536
  },
  {
    "Relative Pressure":0.155175,
    "Volume @ STP":0.7083
  },
  {
    "Relative Pressure":0.201727,
    "Volume @ STP":0.7516
  },
  {
    "Relative Pressure":0.252531,
    "Volume @ STP":0.7972
  },
  {
    "Relative Pressure":0.301385,
    "Volume @ STP":0.8449
  },
  {
    "Relative Pressure":0.351939,
    "Volume @ STP":0.8964
  },
  {
    "Relative Pressure":0.401697,
    "Volume @ STP":0.9403
  },
  {
    "Relative Pressure":0.451598,
    "Volume @ STP":0.9946
  },
  {
    "Relative Pressure":0.500186,
    "Volume @ STP":1.0533
  },
  {
    "Relative Pressure":0.549779,
    "Volume @ STP":1.1127
  },
  {
    "Relative Pressure":0.600103,
    "Volume @ STP":1.1681
  },
  {
    "Relative Pressure":0.646755,
    "Volume @ STP":1.2606
  },
  {
    "Relative Pressure":0.697051,
    "Volume @ STP":1.3796
  },
  {
    "Relative Pressure":0.746629,
    "Volume @ STP":1.5537
  },
  {
    "Relative Pressure":0.796573,
    "Volume @ STP":1.7435
  },
  {
    "Relative Pressure":0.847636,
    "Volume @ STP":2.0759
  },
  {
    "Relative Pressure":0.903453,
    "Volume @ STP":2.6927
  },
  {
    "Relative Pressure":0.947968,
    "Volume @ STP":3.738
  },
  {
    "Relative Pressure":0.995682,
    "Volume @ STP":9.1875
  },
  {
    "Relative Pressure":0.994671,
    "Volume @ STP":9.1597
  },
  {
    "Relative Pressure":0.946477,
    "Volume @ STP":4.6856
  },
  {
    "Relative Pressure":0.885926,
    "Volume @ STP":3.4214
  },
  {
    "Relative Pressure":0.843749,
    "Volume @ STP":2.9482
  },
  {
    "Relative Pressure":0.785636,
    "Volume @ STP":2.516
  },
  {
    "Relative Pressure":0.741092,
    "Volume @ STP":2.2625
  },
  {
    "Relative Pressure":0.684342,
    "Volume @ STP":1.9915
  },
  {
    "Relative Pressure":0.651998,
    "Volume @ STP":1.8588
  },
  {
    "Relative Pressure":0.584447,
    "Volume @ STP":1.6438
  },
  {
    "Relative Pressure":0.531505,
    "Volume @ STP":1.529
  },
  {
    "Relative Pressure":0.484344,
    "Volume @ STP":1.2943
  },
  {
    "Relative Pressure":0.431617,
    "Volume @ STP":1.0897
  },
  {
    "Relative Pressure":0.394647,
    "Volume @ STP":1.0293
  },
  {
    "Relative Pressure":0.343598,
    "Volume @ STP":0.9816
  },
  {
    "Relative Pressure":0.280924,
    "Volume @ STP":0.9053
  },
  {
    "Relative Pressure":0.243502,
    "Volume @ STP":0.8622
  },
  {
    "Relative Pressure":0.181811,
    "Volume @ STP":0.79
  },
  {
    "Relative Pressure":0.131996,
    "Volume @ STP":0.7247
  },
  {
    "Relative Pressure":0.081234,
    "Volume @ STP":0.6484
  },
  {
    "Relative Pressure":0.044881,
    "Volume @ STP":0.5784
  }
]