[
  {
    "Half pore width Pore Volume":8.0683,
    "dV(r)":0.000041351
  },
  {
    "Half pore width Pore Volume":8.4397,
    "dV(r)":0.000032865
  },
  {
    "Half pore width Pore Volume":8.8282,
    "dV(r)":0.000021213
  },
  {
    "Half pore width Pore Volume":9.2345,
    "dV(r)":0.0
  },
  {
    "Half pore width Pore Volume":9.6595,
    "dV(r)":0.0
  },
  {
    "Half pore width Pore Volume":10.1041,
    "dV(r)":0.0
  },
  {
    "Half pore width Pore Volume":10.5692,
    "dV(r)":0.0
  },
  {
    "Half pore width Pore Volume":11.0557,
    "dV(r)":0.0
  },
  {
    "Half pore width Pore Volume":11.5646,
    "dV(r)":0.0
  },
  {
    "Half pore width Pore Volume":12.0969,
    "dV(r)":0.0
  },
  {
    "Half pore width Pore Volume":12.6537,
    "dV(r)":0.0
  },
  {
    "Half pore width Pore Volume":13.2361,
    "dV(r)":0.0
  },
  {
    "Half pore width Pore Volume":13.8453,
    "dV(r)":0.0
  },
  {
    "Half pore width Pore Volume":14.4826,
    "dV(r)":0.000025274
  },
  {
    "Half pore width Pore Volume":15.1492,
    "dV(r)":0.000041094
  },
  {
    "Half pore width Pore Volume":15.8465,
    "dV(r)":0.000050013
  },
  {
    "Half pore width Pore Volume":16.5758,
    "dV(r)":0.000066433
  },
  {
    "Half pore width Pore Volume":17.3388,
    "dV(r)":0.000094216
  },
  {
    "Half pore width Pore Volume":18.1369,
    "dV(r)":0.00012425
  },
  {
    "Half pore width Pore Volume":18.9717,
    "dV(r)":0.00013913
  },
  {
    "Half pore width Pore Volume":19.8449,
    "dV(r)":0.00014471
  },
  {
    "Half pore width Pore Volume":20.7583,
    "dV(r)":0.00017128
  },
  {
    "Half pore width Pore Volume":21.7138,
    "dV(r)":0.00013717
  },
  {
    "Half pore width Pore Volume":22.7132,
    "dV(r)":0.00012542
  },
  {
    "Half pore width Pore Volume":23.7586,
    "dV(r)":0.00012492
  },
  {
    "Half pore width Pore Volume":24.8522,
    "dV(r)":0.00012052
  },
  {
    "Half pore width Pore Volume":25.9961,
    "dV(r)":0.00011779
  },
  {
    "Half pore width Pore Volume":27.1926,
    "dV(r)":0.00012049
  },
  {
    "Half pore width Pore Volume":28.4443,
    "dV(r)":0.00011804
  },
  {
    "Half pore width Pore Volume":29.7535,
    "dV(r)":0.00010178
  },
  {
    "Half pore width Pore Volume":31.123,
    "dV(r)":0.000093591
  },
  {
    "Half pore width Pore Volume":32.5555,
    "dV(r)":0.000064117
  },
  {
    "Half pore width Pore Volume":34.054,
    "dV(r)":0.000068424
  },
  {
    "Half pore width Pore Volume":35.6214,
    "dV(r)":0.00009194
  },
  {
    "Half pore width Pore Volume":37.261,
    "dV(r)":0.000098672
  },
  {
    "Half pore width Pore Volume":38.976,
    "dV(r)":0.00010439
  },
  {
    "Half pore width Pore Volume":40.77,
    "dV(r)":0.000099081
  },
  {
    "Half pore width Pore Volume":42.6465,
    "dV(r)":0.000083334
  },
  {
    "Half pore width Pore Volume":44.6095,
    "dV(r)":0.000075416
  },
  {
    "Half pore width Pore Volume":46.6628,
    "dV(r)":0.000068009
  },
  {
    "Half pore width Pore Volume":48.8105,
    "dV(r)":0.000054391
  },
  {
    "Half pore width Pore Volume":51.0572,
    "dV(r)":0.000058536
  },
  {
    "Half pore width Pore Volume":53.4072,
    "dV(r)":0.000070599
  },
  {
    "Half pore width Pore Volume":55.8655,
    "dV(r)":0.000058561
  },
  {
    "Half pore width Pore Volume":58.4368,
    "dV(r)":0.000052655
  },
  {
    "Half pore width Pore Volume":61.1265,
    "dV(r)":0.000052313
  },
  {
    "Half pore width Pore Volume":63.9401,
    "dV(r)":0.000055695
  },
  {
    "Half pore width Pore Volume":66.8831,
    "dV(r)":0.000081115
  },
  {
    "Half pore width Pore Volume":69.9616,
    "dV(r)":0.000085007
  },
  {
    "Half pore width Pore Volume":73.1818,
    "dV(r)":0.000060142
  },
  {
    "Half pore width Pore Volume":76.5502,
    "dV(r)":0.000048544
  },
  {
    "Half pore width Pore Volume":80.0736,
    "dV(r)":0.000044895
  },
  {
    "Half pore width Pore Volume":83.7592,
    "dV(r)":0.000042379
  },
  {
    "Half pore width Pore Volume":87.6145,
    "dV(r)":0.000039846
  },
  {
    "Half pore width Pore Volume":91.6472,
    "dV(r)":0.000036833
  },
  {
    "Half pore width Pore Volume":95.8655,
    "dV(r)":0.000033216
  },
  {
    "Half pore width Pore Volume":100.278,
    "dV(r)":0.000029791
  },
  {
    "Half pore width Pore Volume":104.8936,
    "dV(r)":0.000024489
  },
  {
    "Half pore width Pore Volume":109.7216,
    "dV(r)":0.000023127
  },
  {
    "Half pore width Pore Volume":114.7718,
    "dV(r)":0.00002226
  },
  {
    "Half pore width Pore Volume":120.0545,
    "dV(r)":0.000020907
  },
  {
    "Half pore width Pore Volume":125.5804,
    "dV(r)":0.000015207
  },
  {
    "Half pore width Pore Volume":131.3606,
    "dV(r)":0.000012693
  },
  {
    "Half pore width Pore Volume":137.4068,
    "dV(r)":0.000060491
  },
  {
    "Half pore width Pore Volume":143.7314,
    "dV(r)":0.000078495
  },
  {
    "Half pore width Pore Volume":150.347,
    "dV(r)":0.000056251
  },
  {
    "Half pore width Pore Volume":157.2672,
    "dV(r)":0.000036527
  },
  {
    "Half pore width Pore Volume":164.5059,
    "dV(r)":0.000034216
  },
  {
    "Half pore width Pore Volume":172.0777,
    "dV(r)":0.000033237
  },
  {
    "Half pore width Pore Volume":179.9981,
    "dV(r)":0.000060851
  }
]