[
  {
    "Half pore width \u00c5":1.55,
    "Volume cc\/g":0.0004
  },
  {
    "Half pore width \u00c5":1.575,
    "Volume cc\/g":0.0004
  },
  {
    "Half pore width \u00c5":1.6,
    "Volume cc\/g":0.0005
  },
  {
    "Half pore width \u00c5":1.625,
    "Volume cc\/g":0.0005
  },
  {
    "Half pore width \u00c5":1.65,
    "Volume cc\/g":0.0005
  },
  {
    "Half pore width \u00c5":1.675,
    "Volume cc\/g":0.0006
  },
  {
    "Half pore width \u00c5":1.7,
    "Volume cc\/g":0.0006
  },
  {
    "Half pore width \u00c5":1.725,
    "Volume cc\/g":0.0006
  },
  {
    "Half pore width \u00c5":1.75,
    "Volume cc\/g":0.0007
  },
  {
    "Half pore width \u00c5":1.775,
    "Volume cc\/g":0.0007
  },
  {
    "Half pore width \u00c5":1.8,
    "Volume cc\/g":0.0007
  },
  {
    "Half pore width \u00c5":1.825,
    "Volume cc\/g":0.0008
  },
  {
    "Half pore width \u00c5":1.85,
    "Volume cc\/g":0.0008
  },
  {
    "Half pore width \u00c5":1.875,
    "Volume cc\/g":0.0008
  },
  {
    "Half pore width \u00c5":1.9,
    "Volume cc\/g":0.0008
  },
  {
    "Half pore width \u00c5":1.925,
    "Volume cc\/g":0.0008
  },
  {
    "Half pore width \u00c5":1.95,
    "Volume cc\/g":0.0008
  },
  {
    "Half pore width \u00c5":1.975,
    "Volume cc\/g":0.0008
  },
  {
    "Half pore width \u00c5":2.0,
    "Volume cc\/g":0.0008
  },
  {
    "Half pore width \u00c5":2.025,
    "Volume cc\/g":0.0008
  },
  {
    "Half pore width \u00c5":2.05,
    "Volume cc\/g":0.0008
  },
  {
    "Half pore width \u00c5":2.075,
    "Volume cc\/g":0.0008
  },
  {
    "Half pore width \u00c5":2.1,
    "Volume cc\/g":0.0008
  },
  {
    "Half pore width \u00c5":2.125,
    "Volume cc\/g":0.0008
  },
  {
    "Half pore width \u00c5":2.15,
    "Volume cc\/g":0.0008
  },
  {
    "Half pore width \u00c5":2.175,
    "Volume cc\/g":0.0008
  },
  {
    "Half pore width \u00c5":2.2,
    "Volume cc\/g":0.0008
  },
  {
    "Half pore width \u00c5":2.225,
    "Volume cc\/g":0.0008
  },
  {
    "Half pore width \u00c5":2.25,
    "Volume cc\/g":0.0008
  },
  {
    "Half pore width \u00c5":2.275,
    "Volume cc\/g":0.0008
  },
  {
    "Half pore width \u00c5":2.3,
    "Volume cc\/g":0.0008
  },
  {
    "Half pore width \u00c5":2.325,
    "Volume cc\/g":0.0008
  },
  {
    "Half pore width \u00c5":2.35,
    "Volume cc\/g":0.0008
  },
  {
    "Half pore width \u00c5":2.375,
    "Volume cc\/g":0.0008
  },
  {
    "Half pore width \u00c5":2.4,
    "Volume cc\/g":0.0008
  },
  {
    "Half pore width \u00c5":2.425,
    "Volume cc\/g":0.0008
  },
  {
    "Half pore width \u00c5":2.45,
    "Volume cc\/g":0.0008
  },
  {
    "Half pore width \u00c5":2.475,
    "Volume cc\/g":0.0008
  },
  {
    "Half pore width \u00c5":2.5,
    "Volume cc\/g":0.0008
  },
  {
    "Half pore width \u00c5":2.525,
    "Volume cc\/g":0.0008
  },
  {
    "Half pore width \u00c5":2.55,
    "Volume cc\/g":0.0008
  },
  {
    "Half pore width \u00c5":2.575,
    "Volume cc\/g":0.0008
  },
  {
    "Half pore width \u00c5":2.6,
    "Volume cc\/g":0.0008
  },
  {
    "Half pore width \u00c5":2.625,
    "Volume cc\/g":0.0008
  },
  {
    "Half pore width \u00c5":2.65,
    "Volume cc\/g":0.0008
  },
  {
    "Half pore width \u00c5":2.675,
    "Volume cc\/g":0.0008
  },
  {
    "Half pore width \u00c5":2.7,
    "Volume cc\/g":0.0008
  },
  {
    "Half pore width \u00c5":2.725,
    "Volume cc\/g":0.0008
  },
  {
    "Half pore width \u00c5":2.75,
    "Volume cc\/g":0.0008
  },
  {
    "Half pore width \u00c5":2.775,
    "Volume cc\/g":0.0008
  },
  {
    "Half pore width \u00c5":2.8,
    "Volume cc\/g":0.0008
  },
  {
    "Half pore width \u00c5":2.825,
    "Volume cc\/g":0.0008
  },
  {
    "Half pore width \u00c5":2.85,
    "Volume cc\/g":0.0008
  },
  {
    "Half pore width \u00c5":2.875,
    "Volume cc\/g":0.0008
  },
  {
    "Half pore width \u00c5":2.9,
    "Volume cc\/g":0.0008
  },
  {
    "Half pore width \u00c5":2.925,
    "Volume cc\/g":0.0008
  },
  {
    "Half pore width \u00c5":2.95,
    "Volume cc\/g":0.0008
  },
  {
    "Half pore width \u00c5":2.975,
    "Volume cc\/g":0.0008
  },
  {
    "Half pore width \u00c5":3.0,
    "Volume cc\/g":0.0008
  },
  {
    "Half pore width \u00c5":3.025,
    "Volume cc\/g":0.0008
  },
  {
    "Half pore width \u00c5":3.05,
    "Volume cc\/g":0.0008
  },
  {
    "Half pore width \u00c5":3.075,
    "Volume cc\/g":0.0008
  },
  {
    "Half pore width \u00c5":3.1,
    "Volume cc\/g":0.0008
  },
  {
    "Half pore width \u00c5":3.125,
    "Volume cc\/g":0.0008
  },
  {
    "Half pore width \u00c5":3.15,
    "Volume cc\/g":0.0008
  },
  {
    "Half pore width \u00c5":3.175,
    "Volume cc\/g":0.0008
  },
  {
    "Half pore width \u00c5":3.2,
    "Volume cc\/g":0.0008
  },
  {
    "Half pore width \u00c5":3.225,
    "Volume cc\/g":0.0008
  },
  {
    "Half pore width \u00c5":3.25,
    "Volume cc\/g":0.0008
  },
  {
    "Half pore width \u00c5":3.275,
    "Volume cc\/g":0.0008
  },
  {
    "Half pore width \u00c5":3.3,
    "Volume cc\/g":0.0008
  },
  {
    "Half pore width \u00c5":3.325,
    "Volume cc\/g":0.0008
  },
  {
    "Half pore width \u00c5":3.35,
    "Volume cc\/g":0.0008
  },
  {
    "Half pore width \u00c5":3.375,
    "Volume cc\/g":0.0008
  },
  {
    "Half pore width \u00c5":3.4,
    "Volume cc\/g":0.0008
  },
  {
    "Half pore width \u00c5":3.425,
    "Volume cc\/g":0.0008
  },
  {
    "Half pore width \u00c5":3.45,
    "Volume cc\/g":0.0008
  },
  {
    "Half pore width \u00c5":3.475,
    "Volume cc\/g":0.0008
  },
  {
    "Half pore width \u00c5":3.5,
    "Volume cc\/g":0.0008
  },
  {
    "Half pore width \u00c5":3.525,
    "Volume cc\/g":0.0008
  },
  {
    "Half pore width \u00c5":3.55,
    "Volume cc\/g":0.0008
  },
  {
    "Half pore width \u00c5":3.575,
    "Volume cc\/g":0.0008
  },
  {
    "Half pore width \u00c5":3.6,
    "Volume cc\/g":0.0008
  },
  {
    "Half pore width \u00c5":3.625,
    "Volume cc\/g":0.0008
  },
  {
    "Half pore width \u00c5":3.65,
    "Volume cc\/g":0.0008
  },
  {
    "Half pore width \u00c5":3.675,
    "Volume cc\/g":0.0008
  },
  {
    "Half pore width \u00c5":3.7,
    "Volume cc\/g":0.0008
  },
  {
    "Half pore width \u00c5":3.725,
    "Volume cc\/g":0.0008
  },
  {
    "Half pore width \u00c5":3.75,
    "Volume cc\/g":0.0008
  },
  {
    "Half pore width \u00c5":3.775,
    "Volume cc\/g":0.0008
  },
  {
    "Half pore width \u00c5":3.8,
    "Volume cc\/g":0.0008
  },
  {
    "Half pore width \u00c5":3.825,
    "Volume cc\/g":0.0008
  },
  {
    "Half pore width \u00c5":3.85,
    "Volume cc\/g":0.0008
  },
  {
    "Half pore width \u00c5":3.875,
    "Volume cc\/g":0.0008
  },
  {
    "Half pore width \u00c5":3.9,
    "Volume cc\/g":0.0008
  },
  {
    "Half pore width \u00c5":3.925,
    "Volume cc\/g":0.0008
  },
  {
    "Half pore width \u00c5":3.95,
    "Volume cc\/g":0.0008
  },
  {
    "Half pore width \u00c5":3.975,
    "Volume cc\/g":0.0008
  },
  {
    "Half pore width \u00c5":4.0,
    "Volume cc\/g":0.0008
  },
  {
    "Half pore width \u00c5":4.025,
    "Volume cc\/g":0.0008
  },
  {
    "Half pore width \u00c5":4.05,
    "Volume cc\/g":0.0008
  },
  {
    "Half pore width \u00c5":4.075,
    "Volume cc\/g":0.0008
  },
  {
    "Half pore width \u00c5":4.1,
    "Volume cc\/g":0.0008
  },
  {
    "Half pore width \u00c5":4.125,
    "Volume cc\/g":0.0008
  },
  {
    "Half pore width \u00c5":4.15,
    "Volume cc\/g":0.0008
  },
  {
    "Half pore width \u00c5":4.175,
    "Volume cc\/g":0.0008
  },
  {
    "Half pore width \u00c5":4.2,
    "Volume cc\/g":0.0008
  },
  {
    "Half pore width \u00c5":4.225,
    "Volume cc\/g":0.0008
  },
  {
    "Half pore width \u00c5":4.25,
    "Volume cc\/g":0.0008
  },
  {
    "Half pore width \u00c5":4.275,
    "Volume cc\/g":0.0008
  },
  {
    "Half pore width \u00c5":4.3,
    "Volume cc\/g":0.0008
  },
  {
    "Half pore width \u00c5":4.325,
    "Volume cc\/g":0.0008
  },
  {
    "Half pore width \u00c5":4.35,
    "Volume cc\/g":0.0008
  },
  {
    "Half pore width \u00c5":4.375,
    "Volume cc\/g":0.0008
  },
  {
    "Half pore width \u00c5":4.4,
    "Volume cc\/g":0.0008
  },
  {
    "Half pore width \u00c5":4.425,
    "Volume cc\/g":0.0008
  },
  {
    "Half pore width \u00c5":4.45,
    "Volume cc\/g":0.0008
  },
  {
    "Half pore width \u00c5":4.475,
    "Volume cc\/g":0.0008
  },
  {
    "Half pore width \u00c5":4.5,
    "Volume cc\/g":0.0008
  },
  {
    "Half pore width \u00c5":4.525,
    "Volume cc\/g":0.0008
  },
  {
    "Half pore width \u00c5":4.55,
    "Volume cc\/g":0.0008
  },
  {
    "Half pore width \u00c5":4.575,
    "Volume cc\/g":0.0008
  },
  {
    "Half pore width \u00c5":4.6,
    "Volume cc\/g":0.0008
  },
  {
    "Half pore width \u00c5":4.625,
    "Volume cc\/g":0.0008
  },
  {
    "Half pore width \u00c5":4.65,
    "Volume cc\/g":0.0008
  },
  {
    "Half pore width \u00c5":4.675,
    "Volume cc\/g":0.0008
  },
  {
    "Half pore width \u00c5":4.7,
    "Volume cc\/g":0.0008
  },
  {
    "Half pore width \u00c5":4.725,
    "Volume cc\/g":0.0008
  },
  {
    "Half pore width \u00c5":4.75,
    "Volume cc\/g":0.0008
  },
  {
    "Half pore width \u00c5":4.775,
    "Volume cc\/g":0.0008
  },
  {
    "Half pore width \u00c5":4.8,
    "Volume cc\/g":0.0008
  },
  {
    "Half pore width \u00c5":4.825,
    "Volume cc\/g":0.0008
  },
  {
    "Half pore width \u00c5":4.85,
    "Volume cc\/g":0.0008
  },
  {
    "Half pore width \u00c5":4.875,
    "Volume cc\/g":0.0008
  },
  {
    "Half pore width \u00c5":4.9,
    "Volume cc\/g":0.0008
  },
  {
    "Half pore width \u00c5":4.925,
    "Volume cc\/g":0.0008
  },
  {
    "Half pore width \u00c5":4.95,
    "Volume cc\/g":0.0008
  },
  {
    "Half pore width \u00c5":4.975,
    "Volume cc\/g":0.0008
  },
  {
    "Half pore width \u00c5":5.0,
    "Volume cc\/g":0.0008
  },
  {
    "Half pore width \u00c5":5.025,
    "Volume cc\/g":0.0008
  },
  {
    "Half pore width \u00c5":5.05,
    "Volume cc\/g":0.0008
  },
  {
    "Half pore width \u00c5":5.075,
    "Volume cc\/g":0.0008
  },
  {
    "Half pore width \u00c5":5.1,
    "Volume cc\/g":0.0008
  },
  {
    "Half pore width \u00c5":5.125,
    "Volume cc\/g":0.0008
  },
  {
    "Half pore width \u00c5":5.15,
    "Volume cc\/g":0.0008
  },
  {
    "Half pore width \u00c5":5.175,
    "Volume cc\/g":0.0008
  },
  {
    "Half pore width \u00c5":5.2,
    "Volume cc\/g":0.0008
  },
  {
    "Half pore width \u00c5":5.225,
    "Volume cc\/g":0.0008
  },
  {
    "Half pore width \u00c5":5.25,
    "Volume cc\/g":0.0008
  },
  {
    "Half pore width \u00c5":5.275,
    "Volume cc\/g":0.0008
  },
  {
    "Half pore width \u00c5":5.3,
    "Volume cc\/g":0.0008
  },
  {
    "Half pore width \u00c5":5.325,
    "Volume cc\/g":0.0008
  },
  {
    "Half pore width \u00c5":5.35,
    "Volume cc\/g":0.0008
  },
  {
    "Half pore width \u00c5":5.375,
    "Volume cc\/g":0.0008
  },
  {
    "Half pore width \u00c5":5.4,
    "Volume cc\/g":0.0008
  },
  {
    "Half pore width \u00c5":5.425,
    "Volume cc\/g":0.0008
  },
  {
    "Half pore width \u00c5":5.45,
    "Volume cc\/g":0.0008
  },
  {
    "Half pore width \u00c5":5.475,
    "Volume cc\/g":0.0008
  },
  {
    "Half pore width \u00c5":5.5,
    "Volume cc\/g":0.0008
  },
  {
    "Half pore width \u00c5":5.525,
    "Volume cc\/g":0.0008
  },
  {
    "Half pore width \u00c5":5.55,
    "Volume cc\/g":0.0008
  },
  {
    "Half pore width \u00c5":5.575,
    "Volume cc\/g":0.0008
  },
  {
    "Half pore width \u00c5":5.6,
    "Volume cc\/g":0.0008
  },
  {
    "Half pore width \u00c5":5.625,
    "Volume cc\/g":0.0008
  },
  {
    "Half pore width \u00c5":5.65,
    "Volume cc\/g":0.0008
  },
  {
    "Half pore width \u00c5":5.675,
    "Volume cc\/g":0.0008
  },
  {
    "Half pore width \u00c5":5.7,
    "Volume cc\/g":0.0008
  },
  {
    "Half pore width \u00c5":5.725,
    "Volume cc\/g":0.0008
  },
  {
    "Half pore width \u00c5":5.75,
    "Volume cc\/g":0.0008
  },
  {
    "Half pore width \u00c5":5.775,
    "Volume cc\/g":0.0008
  },
  {
    "Half pore width \u00c5":5.8,
    "Volume cc\/g":0.0009
  },
  {
    "Half pore width \u00c5":5.825,
    "Volume cc\/g":0.0009
  },
  {
    "Half pore width \u00c5":5.85,
    "Volume cc\/g":0.0009
  },
  {
    "Half pore width \u00c5":5.875,
    "Volume cc\/g":0.0009
  },
  {
    "Half pore width \u00c5":5.9,
    "Volume cc\/g":0.0009
  },
  {
    "Half pore width \u00c5":5.925,
    "Volume cc\/g":0.0009
  },
  {
    "Half pore width \u00c5":5.95,
    "Volume cc\/g":0.0009
  },
  {
    "Half pore width \u00c5":5.975,
    "Volume cc\/g":0.0009
  },
  {
    "Half pore width \u00c5":6.0,
    "Volume cc\/g":0.0009
  },
  {
    "Half pore width \u00c5":6.025,
    "Volume cc\/g":0.0009
  },
  {
    "Half pore width \u00c5":6.05,
    "Volume cc\/g":0.0009
  },
  {
    "Half pore width \u00c5":6.075,
    "Volume cc\/g":0.0009
  },
  {
    "Half pore width \u00c5":6.1,
    "Volume cc\/g":0.0009
  },
  {
    "Half pore width \u00c5":6.125,
    "Volume cc\/g":0.0009
  },
  {
    "Half pore width \u00c5":6.15,
    "Volume cc\/g":0.0009
  },
  {
    "Half pore width \u00c5":6.175,
    "Volume cc\/g":0.0009
  },
  {
    "Half pore width \u00c5":6.2,
    "Volume cc\/g":0.0009
  },
  {
    "Half pore width \u00c5":6.225,
    "Volume cc\/g":0.0009
  },
  {
    "Half pore width \u00c5":6.25,
    "Volume cc\/g":0.0009
  },
  {
    "Half pore width \u00c5":6.275,
    "Volume cc\/g":0.0009
  },
  {
    "Half pore width \u00c5":6.3,
    "Volume cc\/g":0.0009
  },
  {
    "Half pore width \u00c5":6.325,
    "Volume cc\/g":0.0009
  },
  {
    "Half pore width \u00c5":6.35,
    "Volume cc\/g":0.0009
  },
  {
    "Half pore width \u00c5":6.375,
    "Volume cc\/g":0.0009
  },
  {
    "Half pore width \u00c5":6.4,
    "Volume cc\/g":0.0009
  },
  {
    "Half pore width \u00c5":6.425,
    "Volume cc\/g":0.0009
  },
  {
    "Half pore width \u00c5":6.45,
    "Volume cc\/g":0.0009
  },
  {
    "Half pore width \u00c5":6.475,
    "Volume cc\/g":0.0009
  },
  {
    "Half pore width \u00c5":6.5,
    "Volume cc\/g":0.0009
  },
  {
    "Half pore width \u00c5":6.525,
    "Volume cc\/g":0.0009
  },
  {
    "Half pore width \u00c5":6.55,
    "Volume cc\/g":0.0009
  },
  {
    "Half pore width \u00c5":6.575,
    "Volume cc\/g":0.0009
  },
  {
    "Half pore width \u00c5":6.6,
    "Volume cc\/g":0.0009
  },
  {
    "Half pore width \u00c5":6.625,
    "Volume cc\/g":0.0009
  },
  {
    "Half pore width \u00c5":6.65,
    "Volume cc\/g":0.0009
  },
  {
    "Half pore width \u00c5":6.675,
    "Volume cc\/g":0.0009
  },
  {
    "Half pore width \u00c5":6.7,
    "Volume cc\/g":0.0009
  },
  {
    "Half pore width \u00c5":6.725,
    "Volume cc\/g":0.0009
  },
  {
    "Half pore width \u00c5":6.75,
    "Volume cc\/g":0.0009
  },
  {
    "Half pore width \u00c5":6.775,
    "Volume cc\/g":0.0009
  },
  {
    "Half pore width \u00c5":6.8,
    "Volume cc\/g":0.0009
  },
  {
    "Half pore width \u00c5":6.825,
    "Volume cc\/g":0.0009
  },
  {
    "Half pore width \u00c5":6.85,
    "Volume cc\/g":0.0009
  },
  {
    "Half pore width \u00c5":6.875,
    "Volume cc\/g":0.0009
  },
  {
    "Half pore width \u00c5":6.9,
    "Volume cc\/g":0.0009
  },
  {
    "Half pore width \u00c5":6.925,
    "Volume cc\/g":0.0009
  },
  {
    "Half pore width \u00c5":6.95,
    "Volume cc\/g":0.0009
  },
  {
    "Half pore width \u00c5":6.975,
    "Volume cc\/g":0.0009
  },
  {
    "Half pore width \u00c5":7.0,
    "Volume cc\/g":0.0009
  },
  {
    "Half pore width \u00c5":7.025,
    "Volume cc\/g":0.0009
  },
  {
    "Half pore width \u00c5":7.05,
    "Volume cc\/g":0.0009
  },
  {
    "Half pore width \u00c5":7.075,
    "Volume cc\/g":0.0009
  },
  {
    "Half pore width \u00c5":7.1,
    "Volume cc\/g":0.0009
  },
  {
    "Half pore width \u00c5":7.125,
    "Volume cc\/g":0.0009
  },
  {
    "Half pore width \u00c5":7.15,
    "Volume cc\/g":0.0009
  },
  {
    "Half pore width \u00c5":7.175,
    "Volume cc\/g":0.0009
  },
  {
    "Half pore width \u00c5":7.2,
    "Volume cc\/g":0.0009
  },
  {
    "Half pore width \u00c5":7.225,
    "Volume cc\/g":0.0009
  },
  {
    "Half pore width \u00c5":7.25,
    "Volume cc\/g":0.0009
  },
  {
    "Half pore width \u00c5":7.275,
    "Volume cc\/g":0.0009
  },
  {
    "Half pore width \u00c5":7.3,
    "Volume cc\/g":0.0009
  },
  {
    "Half pore width \u00c5":7.325,
    "Volume cc\/g":0.0009
  },
  {
    "Half pore width \u00c5":7.35,
    "Volume cc\/g":0.0009
  },
  {
    "Half pore width \u00c5":7.375,
    "Volume cc\/g":0.0009
  },
  {
    "Half pore width \u00c5":7.4,
    "Volume cc\/g":0.001
  },
  {
    "Half pore width \u00c5":7.425,
    "Volume cc\/g":0.001
  },
  {
    "Half pore width \u00c5":7.45,
    "Volume cc\/g":0.001
  },
  {
    "Half pore width \u00c5":7.475,
    "Volume cc\/g":0.001
  },
  {
    "Half pore width \u00c5":7.5,
    "Volume cc\/g":0.001
  },
  {
    "Half pore width \u00c5":7.525,
    "Volume cc\/g":0.001
  },
  {
    "Half pore width \u00c5":7.55,
    "Volume cc\/g":0.001
  },
  {
    "Half pore width \u00c5":7.575,
    "Volume cc\/g":0.001
  },
  {
    "Half pore width \u00c5":7.6,
    "Volume cc\/g":0.001
  },
  {
    "Half pore width \u00c5":7.625,
    "Volume cc\/g":0.001
  },
  {
    "Half pore width \u00c5":7.65,
    "Volume cc\/g":0.001
  },
  {
    "Half pore width \u00c5":7.675,
    "Volume cc\/g":0.001
  },
  {
    "Half pore width \u00c5":7.7,
    "Volume cc\/g":0.001
  },
  {
    "Half pore width \u00c5":7.725,
    "Volume cc\/g":0.001
  },
  {
    "Half pore width \u00c5":7.75,
    "Volume cc\/g":0.001
  },
  {
    "Half pore width \u00c5":7.775,
    "Volume cc\/g":0.001
  },
  {
    "Half pore width \u00c5":7.8,
    "Volume cc\/g":0.001
  },
  {
    "Half pore width \u00c5":7.825,
    "Volume cc\/g":0.001
  },
  {
    "Half pore width \u00c5":7.85,
    "Volume cc\/g":0.001
  },
  {
    "Half pore width \u00c5":7.875,
    "Volume cc\/g":0.001
  },
  {
    "Half pore width \u00c5":7.9,
    "Volume cc\/g":0.001
  },
  {
    "Half pore width \u00c5":7.925,
    "Volume cc\/g":0.001
  },
  {
    "Half pore width \u00c5":7.95,
    "Volume cc\/g":0.001
  },
  {
    "Half pore width \u00c5":7.975,
    "Volume cc\/g":0.001
  },
  {
    "Half pore width \u00c5":8.0,
    "Volume cc\/g":0.001
  },
  {
    "Half pore width \u00c5":8.025,
    "Volume cc\/g":0.001
  },
  {
    "Half pore width \u00c5":8.05,
    "Volume cc\/g":0.001
  },
  {
    "Half pore width \u00c5":8.075,
    "Volume cc\/g":0.001
  },
  {
    "Half pore width \u00c5":8.1,
    "Volume cc\/g":0.001
  },
  {
    "Half pore width \u00c5":8.125,
    "Volume cc\/g":0.001
  },
  {
    "Half pore width \u00c5":8.15,
    "Volume cc\/g":0.001
  },
  {
    "Half pore width \u00c5":8.175,
    "Volume cc\/g":0.001
  },
  {
    "Half pore width \u00c5":8.2,
    "Volume cc\/g":0.001
  },
  {
    "Half pore width \u00c5":8.225,
    "Volume cc\/g":0.001
  },
  {
    "Half pore width \u00c5":8.25,
    "Volume cc\/g":0.001
  },
  {
    "Half pore width \u00c5":8.275,
    "Volume cc\/g":0.001
  },
  {
    "Half pore width \u00c5":8.3,
    "Volume cc\/g":0.001
  },
  {
    "Half pore width \u00c5":8.325,
    "Volume cc\/g":0.001
  },
  {
    "Half pore width \u00c5":8.35,
    "Volume cc\/g":0.001
  },
  {
    "Half pore width \u00c5":8.375,
    "Volume cc\/g":0.001
  },
  {
    "Half pore width \u00c5":8.4,
    "Volume cc\/g":0.001
  },
  {
    "Half pore width \u00c5":8.425,
    "Volume cc\/g":0.001
  },
  {
    "Half pore width \u00c5":8.45,
    "Volume cc\/g":0.001
  },
  {
    "Half pore width \u00c5":8.475,
    "Volume cc\/g":0.001
  },
  {
    "Half pore width \u00c5":8.5,
    "Volume cc\/g":0.001
  },
  {
    "Half pore width \u00c5":8.525,
    "Volume cc\/g":0.001
  },
  {
    "Half pore width \u00c5":8.55,
    "Volume cc\/g":0.001
  },
  {
    "Half pore width \u00c5":8.575,
    "Volume cc\/g":0.001
  },
  {
    "Half pore width \u00c5":8.6,
    "Volume cc\/g":0.001
  },
  {
    "Half pore width \u00c5":8.625,
    "Volume cc\/g":0.001
  },
  {
    "Half pore width \u00c5":8.65,
    "Volume cc\/g":0.001
  },
  {
    "Half pore width \u00c5":8.675,
    "Volume cc\/g":0.001
  },
  {
    "Half pore width \u00c5":8.7,
    "Volume cc\/g":0.001
  },
  {
    "Half pore width \u00c5":8.725,
    "Volume cc\/g":0.001
  },
  {
    "Half pore width \u00c5":8.75,
    "Volume cc\/g":0.001
  },
  {
    "Half pore width \u00c5":8.775,
    "Volume cc\/g":0.001
  },
  {
    "Half pore width \u00c5":8.8,
    "Volume cc\/g":0.001
  },
  {
    "Half pore width \u00c5":8.825,
    "Volume cc\/g":0.001
  },
  {
    "Half pore width \u00c5":8.85,
    "Volume cc\/g":0.001
  },
  {
    "Half pore width \u00c5":8.875,
    "Volume cc\/g":0.001
  },
  {
    "Half pore width \u00c5":8.9,
    "Volume cc\/g":0.001
  },
  {
    "Half pore width \u00c5":8.925,
    "Volume cc\/g":0.001
  },
  {
    "Half pore width \u00c5":8.95,
    "Volume cc\/g":0.0011
  },
  {
    "Half pore width \u00c5":8.975,
    "Volume cc\/g":0.0011
  },
  {
    "Half pore width \u00c5":9.0,
    "Volume cc\/g":0.0011
  },
  {
    "Half pore width \u00c5":9.025,
    "Volume cc\/g":0.0011
  },
  {
    "Half pore width \u00c5":9.05,
    "Volume cc\/g":0.0011
  },
  {
    "Half pore width \u00c5":9.075,
    "Volume cc\/g":0.0011
  },
  {
    "Half pore width \u00c5":9.1,
    "Volume cc\/g":0.0011
  },
  {
    "Half pore width \u00c5":9.125,
    "Volume cc\/g":0.0011
  },
  {
    "Half pore width \u00c5":9.15,
    "Volume cc\/g":0.0011
  },
  {
    "Half pore width \u00c5":9.175,
    "Volume cc\/g":0.0011
  },
  {
    "Half pore width \u00c5":9.2,
    "Volume cc\/g":0.0011
  },
  {
    "Half pore width \u00c5":9.225,
    "Volume cc\/g":0.0011
  },
  {
    "Half pore width \u00c5":9.25,
    "Volume cc\/g":0.0011
  },
  {
    "Half pore width \u00c5":9.275,
    "Volume cc\/g":0.0011
  },
  {
    "Half pore width \u00c5":9.3,
    "Volume cc\/g":0.0011
  },
  {
    "Half pore width \u00c5":9.325,
    "Volume cc\/g":0.0011
  },
  {
    "Half pore width \u00c5":9.35,
    "Volume cc\/g":0.0011
  },
  {
    "Half pore width \u00c5":9.375,
    "Volume cc\/g":0.0011
  },
  {
    "Half pore width \u00c5":9.4,
    "Volume cc\/g":0.0011
  },
  {
    "Half pore width \u00c5":9.425,
    "Volume cc\/g":0.0011
  },
  {
    "Half pore width \u00c5":9.45,
    "Volume cc\/g":0.0011
  },
  {
    "Half pore width \u00c5":9.475,
    "Volume cc\/g":0.0011
  },
  {
    "Half pore width \u00c5":9.5,
    "Volume cc\/g":0.0011
  },
  {
    "Half pore width \u00c5":9.525,
    "Volume cc\/g":0.0011
  },
  {
    "Half pore width \u00c5":9.55,
    "Volume cc\/g":0.0011
  },
  {
    "Half pore width \u00c5":9.575,
    "Volume cc\/g":0.0011
  },
  {
    "Half pore width \u00c5":9.6,
    "Volume cc\/g":0.0011
  },
  {
    "Half pore width \u00c5":9.625,
    "Volume cc\/g":0.0011
  },
  {
    "Half pore width \u00c5":9.65,
    "Volume cc\/g":0.0011
  }
]